model_path,model_folder,model_name,uses_metadata,epochs,sft_size,training_cfg,lora_rank,prompt,BERTScore_f1,BERTScore_precision,BERTScore_recall,BLEU,Cosine,JSD,Jaccard,Levenshtein,ROUGE_rouge1,ROUGE_rouge2,ROUGE_rougeL,SequenceMatcher
M10,M10,M10,false,,,,,base_p1,0.35068186043746885,0.33453576824967823,0.38145319720109305,0.007383776748881529,0.13988999277882364,0.18097207827520417,0.047217507561077544,0.2312723845803229,0.09551768353440183,0.01605862491733426,0.07547892584785042,0.16706483251644938
M10,M10,M10,false,,,,,base_p2,0.35636629041225193,0.3528225824473396,0.3763171945299421,0.007829083971040747,0.1383559268466437,0.1844213585524282,0.0450726925887257,0.21797249401313293,0.09106468560770295,0.017396320779514415,0.07407337648324913,0.16292629244697965
M10,M10,M10,false,,,,,base_p3,0.38839763081262985,0.37346205422802575,0.4203918834054281,0.006508916757412531,0.157957093956377,0.20235570336739883,0.05080216881782269,0.2345884397839888,0.0978126363929217,0.01441487994887573,0.07751605030604561,0.1727270783116725
M10,M10,M10,false,,,,,base_p4,0.3847226817456503,0.3705171527370574,0.41628042743319554,0.006940368171895684,0.14833928075240055,0.20173462147359444,0.05002873119508791,0.23667009876498504,0.09637612881171262,0.016118027149127516,0.07625306562036191,0.1746683578278818
M10,M10,M10,false,,,,,base_p5,0.38808928335469867,0.3779992602647297,0.4145208198399771,0.006321588792841911,0.1481619091864443,0.20042607514081062,0.04592642114106048,0.2380042710734332,0.09449217338880866,0.01769665280443494,0.07636255308792826,0.17378877534531284
M10,M10,M10,false,,,,,icl_p6,0.4124309793824241,0.43716779999316685,0.40448602721804666,0.00741279658766576,0.12347969937247827,0.20179482442540633,0.04934605956666715,0.2593415083852948,0.0990820416830879,0.014138674122326788,0.08463958405608059,0.20782591712305884
M10,M10,M10,false,,,,,icl_p7,0.41001606758624787,0.41840337448649934,0.4169009237535416,0.008629115492548021,0.13236503487043713,0.2022498185139121,0.04939833052798712,0.2617732771584056,0.10132648948222053,0.014358804333914198,0.08294533817779838,0.20285487010679668
M10,M10,M10,false,,,,,icl_p8,0.31622962005554683,0.3026403031178883,0.34494764327056826,0.0033445006704852244,0.0738707451855955,0.18338600586365045,0.025552749338784694,0.15435308858691082,0.0542765728504501,0.0050887092145736204,0.047990791172601854,0.12658333924035092
M10.NQ1k.01,M10.NQ1k.01,M10,false,,NQ1k,01,,sft_xml,0.4274739054933427,0.4289410469550935,0.44103164204529355,0.0069377619666533465,0.13306376371495462,0.20520579730710833,0.050219559213809294,0.2994410305530412,0.09886896804391083,0.010228351115307753,0.08451216718670038,0.22753357980994332
M10.NQ1k.02,M10.NQ1k.02,M10,false,,NQ1k,02,,sft_xml,0.42649709724244617,0.43568063255340334,0.4313544272430359,0.007997116137964722,0.1243211142618112,0.2039196666197575,0.04782693905367818,0.28290914353133545,0.09373498044784635,0.0070464167680563084,0.0831869452816327,0.2290103911647104
M10.NQ1k.03,M10.NQ1k.03,M10,false,,NQ1k,03,,sft_xml,0.42396462304251537,0.42843041349025,0.43417589385358113,0.007664426166049863,0.12184348616331625,0.20592885435149683,0.0487073935954417,0.2941603279571923,0.09954383098525572,0.011882587586494072,0.08187398724641351,0.22187068085291275
M10.NQ2k.01,M10.NQ2k.01,M10,false,,NQ2k,01,,sft_xml,0.44502389071479675,0.44961678281662953,0.45496068095404,0.009437675114802237,0.1438233441423877,0.2118985490196129,0.05592813852722551,0.3118621936399254,0.11174935548983106,0.01216597592718011,0.09328580141349209,0.23583967233028738
M10.NQ2k.02,M10.NQ2k.02,M10,false,,NQ2k,02,,sft_xml,0.42695721051995716,0.4440716183374798,0.4244556325295615,0.006344897183139816,0.10312497610603165,0.19573527189493314,0.03705725960388749,0.281166365732757,0.07756519600559034,0.007146569058974979,0.06890450125481298,0.22911775485234964
M10.NQ2k.03,M10.NQ2k.03,M10,false,,NQ2k,03,,sft_xml,0.4262629855246771,0.4542086457922345,0.41263122927574886,0.006029137161253493,0.09396512247414733,0.1958658801470224,0.040564946638917,0.27506384593356065,0.07718767846558583,0.005329156487673236,0.0701870536402089,0.227030580552939
M10.NQ4k.01,M10.NQ4k.01,M10,false,,NQ4k,01,,sft_xml,0.42356689591256397,0.44888507553509305,0.4148288918392999,0.004559778807528611,0.11190305219991187,0.19396087944443086,0.04479221930307636,0.2829870730807078,0.08536365349636553,0.00813176102879575,0.07809564310243472,0.23253815057340482
M10.NQ4k.02,M10.NQ4k.02,M10,false,,NQ4k,02,,sft_xml,0.4211149644757074,0.4564562515133903,0.4042887683898684,0.005405118739234319,0.07734180005589207,0.19196647523255975,0.035312859733870335,0.26046223060276036,0.06467074602445044,0.004338349954671825,0.0611164695357364,0.21793517281851096
M10.NQ4k.03,M10.NQ4k.03,M10,false,,NQ4k,03,,sft_xml,0.41998222791959366,0.4627449599523393,0.39648711052205826,0.007688861353240643,0.09349007735456574,0.19881199911799272,0.04005649145497915,0.25431765800750067,0.07257076275665858,0.006251406482237163,0.06881022824867573,0.21675287684003858
M12,M12,M12,false,,,,,base_p1,0.43905407737601887,0.42867687726562675,0.46763058123263446,0.012828975104119518,0.20414496927365133,0.2183833486033375,0.06539035551955368,0.2839524634536719,0.1318393173345458,0.0330746786244662,0.11023800997059977,0.2164706635012705
M12,M12,M12,false,,,,,base_p2,0.3263919406316497,0.32247767153111373,0.344621420936151,0.00989283807267155,0.16010141895745836,0.16950995524575557,0.05476362039268107,0.19891851728919607,0.1032990209604535,0.022004536138931757,0.08712640172426502,0.14896370792831362
M12,M12,M12,false,,,,,base_p3,0.40261970121752133,0.38340654505924743,0.44324252578345213,0.012451161416903181,0.21753510029395887,0.21207430359118823,0.0673353111362444,0.24554567401816954,0.1327962751942246,0.03537084246536402,0.10866676024842202,0.17617676074608687
M12,M12,M12,false,,,,,base_p4,0.24115705370903015,0.23330632895231246,0.261902851218527,0.005843240460741419,0.11207960847299153,0.1331637827004834,0.03449717454255585,0.12773330739999791,0.06583935129424227,0.01816414162461039,0.05337500120373723,0.09287788117185246
M12,M12,M12,false,,,,,base_p5,0.38631945910778914,0.3649424757740714,0.4299048997326331,0.012775536462872949,0.20076276357259804,0.20481379902617816,0.0648274939696509,0.23469554116139016,0.12164643331281033,0.03497393583635496,0.0989564633850044,0.17215340389860606
M12,M12,M12,false,,,,,icl_p6,0.408579641986977,0.4396805784919045,0.39540729541670194,0.017597812746420055,0.178070911166567,0.2017276999833673,0.07661487516041646,0.28204580512103195,0.14803447752787716,0.03808498986347866,0.13238966469485164,0.23084676711737986
M12,M12,M12,false,,,,,icl_p7,0.40026958121494816,0.40283788060600106,0.41223145487633617,0.010085590247838044,0.16732574094379912,0.20313919995074736,0.059904960121032386,0.2671417705266934,0.1257848823908553,0.020623504007373054,0.10915315968783555,0.20613791535169929
M12,M12,M12,false,,,,,icl_p8,0.3977457617358728,0.3881076140566306,0.42710974793542517,0.01262662231415166,0.20806743388161456,0.20151196127163093,0.06068085252638751,0.28836311467309245,0.15434932627531636,0.0358723066255156,0.13640310535989067,0.23064785794903012
M12.NQ1k.01.r16,M12.NQ1k.01.r16,M12,false,,NQ1k,01,r16,sft_xml,0.4538787659189918,0.5011466322161935,0.4274292834780433,0.017201903447730513,0.16254732033703306,0.2213365058872254,0.07288635451107758,0.29403382097913505,0.13709864258502727,0.03783628129713957,0.12406279795375191,0.2439766350364721
M12.NQ1k.01.r8,M12.NQ1k.01.r8,M12,false,,NQ1k,01,r8,sft_xml,0.457811928933317,0.49887460055676375,0.436640949791128,0.018035488727066586,0.17231785661772261,0.22466873914790342,0.07315992842710362,0.297111363689535,0.1385190098779298,0.03740868746444693,0.12537568286378997,0.24538359528663095
M12.NQ1k.02.r16,M12.NQ1k.02.r16,M12,false,,NQ1k,02,r16,sft_xml,0.4669374736059796,0.5194251348755576,0.4368809816241264,0.019621188054717884,0.169439549186425,0.22594257157221928,0.07589829240407661,0.3044631392938704,0.14378913646081648,0.044667008713769274,0.1354828623620908,0.25478584707169677
M12.NQ1k.02.r8,M12.NQ1k.02.r8,M12,false,,NQ1k,02,r8,sft_xml,0.44184358686208725,0.49535330092365093,0.4109759579734369,0.016224336180303053,0.15998914888630075,0.21816328874863644,0.06593246757304516,0.2786093604436052,0.13225033126098126,0.03696907959639915,0.12431455215232388,0.23380061612422331
M12.NQ1k.03.r16,M12.NQ1k.03.r16,M12,false,,NQ1k,03,r16,sft_xml,0.45486430487849494,0.5135156066309322,0.42074621802026574,0.014797831205063413,0.15581812713824564,0.21795603343154443,0.06919561219349983,0.2805774050606393,0.1305848744951943,0.03386280030310905,0.1213798741553863,0.2378976471098873
M12.NQ1k.03.r8,M12.NQ1k.03.r8,M12,false,,NQ1k,03,r8,sft_xml,0.4557671137831428,0.5170124289393425,0.4216075812686573,0.019443905132741423,0.1790591905744019,0.22975496989835703,0.07996451665444972,0.28870740477610407,0.15102191913078405,0.03974579953390342,0.14300007544625137,0.24880534354665626
M12.NQ2k.01.r16,M12.NQ2k.01.r16,M12,false,,NQ2k,01,r16,sft_xml,0.443442784845829,0.5005489346655932,0.41164517020637337,0.017409958372077847,0.1610164911092867,0.22171209297966435,0.07254348164100387,0.2731066600517124,0.13229904657026104,0.035228474279704165,0.12271589645511077,0.2311935328299474
M12.NQ2k.01.r8,M12.NQ2k.01.r8,M12,false,,NQ2k,01,r8,sft_xml,0.4520767162604765,0.5009188531474633,0.4250341179695996,0.016429154993758792,0.1526848395176681,0.21816928180791445,0.06849083044913776,0.2881378566998939,0.1261662035460362,0.03515870034122104,0.11701280579975687,0.24177382625951194
M12.NQ2k.02.r16,M12.NQ2k.02.r16,M12,false,,NQ2k,02,r16,sft_xml,0.44974197561090645,0.5095402771505443,0.41447017106142914,0.014179165611105993,0.1511476301810547,0.21065492341384814,0.06373329192738647,0.27798563872886667,0.13134017599049633,0.03572595256623816,0.1232490953809356,0.2374536993197193
M12.NQ2k.02.r8,M12.NQ2k.02.r8,M12,false,,NQ2k,02,r8,sft_xml,0.4469385332952846,0.5056738105687228,0.413367524580522,0.014184409879629847,0.1535047357578128,0.2100898592832932,0.060295216324986765,0.28204074042032123,0.13038408382974195,0.03521062461401802,0.12149370482563462,0.24046683118747378
M12.NQ2k.03.r16,M12.NQ2k.03.r16,M12,false,,NQ2k,03,r16,sft_xml,0.43325332966717806,0.4948909372633154,0.3965012280507521,0.009661977468905007,0.12218130874797574,0.20369370684233726,0.04679601945463998,0.2618808120011784,0.10368245617899603,0.026361488188044523,0.09697798094076834,0.224745702390691
M12.NQ2k.03.r8,M12.NQ2k.03.r8,M12,false,,NQ2k,03,r8,sft_xml,0.4289720861207355,0.48904840339313854,0.39369168335741217,0.01317384462760215,0.12897285167196618,0.20484108753243793,0.05513193101853637,0.24785844562682222,0.1108468162669015,0.03286267951729873,0.10515207892033998,0.21571724714520923
M12.NQ4k.01.r16,M12.NQ4k.01.r16,M12,false,,NQ4k,01,r16,sft_xml,0.44718253596262497,0.5007604260607199,0.4169508370486173,0.019008561322571484,0.14590475981239476,0.21739869928748404,0.06309794763880856,0.27489746824602507,0.12314631403108163,0.039520826032729925,0.11505357975551356,0.23293270920547457
M12.NQ4k.01.r8,M12.NQ4k.01.r8,M12,false,,NQ4k,01,r8,sft_xml,0.442972952642224,0.4973900635675951,0.4125597254254601,0.017333927858323963,0.1514921254445245,0.21905075979185948,0.06804973666454625,0.27611646811815743,0.1255163110067758,0.04100701195436546,0.11719180474789387,0.233872103646894
M12.NQ4k.02.r16,M12.NQ4k.02.r16,M12,false,,NQ4k,02,r16,sft_xml,0.44590780250050804,0.5058372473174876,0.41315292298793793,0.013910429139834483,0.1504079903456889,0.20723171350414712,0.06255213807992374,0.27402325267385497,0.13073619879215084,0.029139095754463572,0.1205376892376998,0.23181635873736245
M12.NQ4k.02.r8,M12.NQ4k.02.r8,M12,false,,NQ4k,02,r8,sft_xml,0.44417885636741467,0.5022538270733573,0.4109710568189621,0.01364146127229102,0.1391683986702021,0.20738354028104172,0.05447289467883824,0.2688182970682134,0.11468875255165684,0.028696013828475173,0.10767925184388032,0.23038531602195317
M12.NQ4k.03.r16,M12.NQ4k.03.r16,M12,false,,NQ4k,03,r16,sft_xml,0.43969137197191066,0.49689710879867727,0.40611262866041875,0.014970576923863783,0.13446492547422045,0.20773336079035995,0.05604864872628176,0.2711931863445155,0.11461313347278038,0.034001386694124634,0.10971661045904262,0.23216924116742516
M12.NQ4k.03.r8,M12.NQ4k.03.r8,M12,false,,NQ4k,03,r8,sft_xml,0.44789917441931637,0.5021655236861923,0.41649238480763,0.016480415205940905,0.14306568008034665,0.2142160792524785,0.06192442160999338,0.28060488948598494,0.12131225957734412,0.0355485587040435,0.11678929439235981,0.2417793417524906
M12.meta,M12.meta,M12,true,,,,,base_p1,0.18683675879781897,0.1892348985780369,0.18905838267369704,0.01051890135262297,0.12299472751149715,0.09978939921938221,0.05147280311381278,0.12524525709773893,0.08164421473283046,0.026851128782873438,0.06737308057027953,0.10232531421655702
M12.meta,M12.meta,M12,true,,,,,base_p2,0.28138345927000047,0.27166310196573085,0.30056946765292775,0.010602562985192462,0.15029583364062923,0.1546587291902236,0.0644489796884877,0.1744234922055625,0.0910829831238409,0.02742567718330613,0.08176659123262563,0.13542081861624078
M12.meta,M12.meta,M12,true,,,,,base_p3,0.5444429263472557,0.510392484610731,0.6024220198392868,0.04158404687992657,0.3405870545200379,0.289327352496086,0.15351833395635223,0.3349101142784979,0.22769517124672622,0.09684049442844452,0.19801298413855387,0.2648834040089069
M12.meta,M12.meta,M12,true,,,,,base_p4,0.5463330802592364,0.5009172465313565,0.6190049548040737,0.0391019964515389,0.36845864321647015,0.2930233805009598,0.14732778727967583,0.3265181443084638,0.22326778384219179,0.09894688688414743,0.19615594401919778,0.25738542461108194
M12.meta,M12.meta,M12,true,,,,,base_p5,0.5444429263472557,0.510392484610731,0.6024220198392868,0.04158404687992657,0.3405870545200379,0.289327352496086,0.15351833395635223,0.3349101142784979,0.22769517124672622,0.09684049442844452,0.19801298413855387,0.2648834040089069
M12.meta,M12.meta,M12,true,,,,,icl_p6,0.5362799121574922,0.5817579855973071,0.5102061925963922,0.036112856133891244,0.28615080913350144,0.26463090535512923,0.1203293477794513,0.3823958999418871,0.24299468899751603,0.07508063250413591,0.21998907899038797,0.3262139766468569
M12.meta,M12.meta,M12,true,,,,,icl_p7,0.5318599742921916,0.5455991853367198,0.5339947638186542,0.0431708313483499,0.32945289375700726,0.279998495878511,0.151601279735894,0.3886203413225534,0.2661681360017658,0.09080507608669758,0.23974805152942422,0.32614646078778037
M12.meta,M12.meta,M12,true,,,,,icl_p8,0.4357782657850872,0.4076818112622608,0.48116686127402564,0.01807138621741543,0.2641908979105407,0.23219494264657634,0.07981946845576801,0.31682493025059116,0.1929542631414052,0.05496866855378351,0.17233788976243467,0.2629441281330035
M12.meta.NQ1k.01.r16,M12.meta.NQ1k.01.r16,M12,true,,NQ1k,01,r16,sft_xml,0.4832658629525792,0.5342476793310859,0.45535815832289783,0.02336564261275383,0.22774021259082483,0.23846183139361832,0.09899899252491431,0.32342061311387277,0.18492225109712182,0.05213133408958263,0.16914604496874353,0.27420941933645304
M12.meta.NQ1k.01.r8,M12.meta.NQ1k.01.r8,M12,true,,NQ1k,01,r8,sft_xml,0.4939350732348182,0.5504163720391013,0.4623799925500696,0.02565544089253031,0.25286838442851695,0.24783638330842236,0.10985251033280008,0.33446221599784864,0.20230529097625238,0.06305964642282967,0.18286624388758274,0.28978859812791313
M12.meta.NQ1k.02.r16,M12.meta.NQ1k.02.r16,M12,true,,NQ1k,02,r16,sft_xml,0.45201251723549585,0.5033042598854411,0.42258570478721097,0.022684088942695753,0.17086799755733814,0.22354079609555402,0.07494064795740167,0.2822860021995776,0.14141443346049884,0.046855644142874076,0.13504904092734113,0.24159107712991926
M12.meta.NQ1k.02.r8,M12.meta.NQ1k.02.r8,M12,true,,NQ1k,02,r8,sft_xml,0.44470773122527385,0.49861368374391035,0.4137331233783202,0.017108486049172374,0.1535337116173857,0.21991528718279493,0.06940145498495473,0.2752458221849109,0.12840186411923482,0.036583178726035864,0.12022351234100123,0.2295590352223303
M12.meta.NQ1k.03.r16,M12.meta.NQ1k.03.r16,M12,true,,NQ1k,03,r16,sft_xml,0.4771708290685307,0.5296577922322533,0.4478622800924561,0.025542370215890137,0.20543899189449985,0.23257034608365515,0.09570825733896658,0.31345606174002344,0.17239993317522959,0.059979185680668734,0.15641317055441162,0.2656238516253915
M12.meta.NQ1k.03.r8,M12.meta.NQ1k.03.r8,M12,true,,NQ1k,03,r8,sft_xml,0.4703951965678822,0.5218921861865303,0.4406003248962489,0.018477283883210783,0.20062623434783924,0.22427309516284943,0.08557372339099918,0.3093590539238611,0.16540993710794777,0.04226806924894521,0.14803329052428005,0.2571582692953378
M12.meta.NQ2k.01.r16,M12.meta.NQ2k.01.r16,M12,true,,NQ2k,01,r16,sft_xml,0.4588839265433225,0.520076294649731,0.4239852241494439,0.02081557382252101,0.20009732203230338,0.22524638265673824,0.08136267059063666,0.28612733249491545,0.15770083910660457,0.050341292501721674,0.14745069710962194,0.24775014107347956
M12.meta.NQ2k.01.r8,M12.meta.NQ2k.01.r8,M12,true,,NQ2k,01,r8,sft_xml,0.475543473796411,0.5322959631681442,0.4428551511331038,0.02410504589581825,0.2246769184944534,0.23742942464563277,0.09716102375584047,0.32199156308240034,0.18555465127974127,0.060661128328370485,0.17353156972175876,0.27565319296429036
M12.meta.NQ2k.02.r16,M12.meta.NQ2k.02.r16,M12,true,,NQ2k,02,r16,sft_xml,0.423463974757628,0.47793085087429393,0.3941598052328283,0.012580017037443865,0.12205306555784379,0.2006573914244788,0.044644625990567725,0.239327417213535,0.0968576974726245,0.026044815596303013,0.09392552486939927,0.20433535245893714
M12.meta.NQ2k.02.r8,M12.meta.NQ2k.02.r8,M12,true,,NQ2k,02,r8,sft_xml,0.4328325314955278,0.48674594272266736,0.4022410281679847,0.01369840399933359,0.1330645403091792,0.20526140991580355,0.04986651131210901,0.25701572570649445,0.10330927821416226,0.029402881846270542,0.09907084253360134,0.22276615409399644
M12.meta.NQ2k.03.r16,M12.meta.NQ2k.03.r16,M12,true,,NQ2k,03,r16,sft_xml,0.4617798761887984,0.5137900924140757,0.4318080957640301,0.022929912887348376,0.16523527695561996,0.22832817715735462,0.07713967084651939,0.30096763014270156,0.13972474934017196,0.043724516780383534,0.12923062215226194,0.2563510913580358
M12.meta.NQ2k.03.r8,M12.meta.NQ2k.03.r8,M12,true,,NQ2k,03,r8,sft_xml,0.4596654458479448,0.5166187616911802,0.4261946504766291,0.0191980946441687,0.17014143130649073,0.2202243297037447,0.07488623519609224,0.2854876065186248,0.1418659042628613,0.04349708779833004,0.1303451220148315,0.23799930664930197
M12.meta.NQ4k.01.r16,M12.meta.NQ4k.01.r16,M12,true,,NQ4k,01,r16,sft_xml,0.4467580264264887,0.5146167085929351,0.4076323673129082,0.01762104928145518,0.18206922456764674,0.2204600661679987,0.06751662462483717,0.2663935865587084,0.14023011381544737,0.04489434813035336,0.13407791219721785,0.233163481505085
M12.meta.NQ4k.01.r8,M12.meta.NQ4k.01.r8,M12,true,,NQ4k,01,r8,sft_xml,0.4551552561196414,0.5206093996763229,0.4176265745000406,0.018097718517012532,0.1984718210610998,0.22263423351841857,0.07784934811996475,0.2913534676301909,0.1591069157152242,0.04585539849851836,0.15218412786299382,0.2521267042215746
M12.meta.NQ4k.02.r16,M12.meta.NQ4k.02.r16,M12,true,,NQ4k,02,r16,sft_xml,0.43555514121597466,0.4907210634513335,0.4049270289865407,0.011901972547155611,0.12878113360281046,0.20648368680404167,0.04941673665717931,0.2600801890117215,0.10718607049348772,0.029597297920246072,0.10026720353114249,0.21982209542024925
M12.meta.NQ4k.02.r8,M12.meta.NQ4k.02.r8,M12,true,,NQ4k,02,r8,sft_xml,0.4343286633491516,0.4932967343113639,0.40207785151221537,0.006981697190992155,0.1256365742087768,0.1984304834560146,0.03943062486744183,0.26098332418628095,0.1092980483779068,0.029129143729156343,0.10099758997132689,0.22069693351314065
M12.meta.NQ4k.03.r16,M12.meta.NQ4k.03.r16,M12,true,,NQ4k,03,r16,sft_xml,0.4272138313813643,0.48221956410191275,0.39633564935489135,0.009670592571477697,0.13839529095270803,0.20850230905915212,0.05131762528370611,0.26158184524036354,0.11188613544185254,0.026630243852745178,0.10328984785177966,0.2151772285949077
M12.meta.NQ4k.03.r8,M12.meta.NQ4k.03.r8,M12,true,,NQ4k,03,r8,sft_xml,0.4329689598896287,0.48776029402559457,0.40117931338873775,0.0095940062551627,0.1431952417693531,0.20221825696007129,0.05425513906114838,0.2710057725648058,0.12285970351493594,0.024441022023579718,0.11453871494204984,0.22754528450743208
M13,M13,M13,true,,,,,base,0.42012355278838764,0.34994459983977405,0.5385558676177805,0.007962708230868754,0.2950016607114728,0.24857292982950815,0.054454587278872126,0.12922600833589054,0.07965068507535307,0.026696964200320732,0.06396853850769098,0.08177213097218636
M13,M13,M13,true,,,,,short_response,0.42192204827612095,0.3525975100831552,0.5411961580406536,0.008508112197497416,0.28217048794573296,0.24694607709003083,0.058455518458468754,0.13903039995379185,0.08633628665335631,0.029282007874783116,0.06854983791292495,0.08881524745195135
M9,M9,M9,false,,,,,base_p1,0.0427651432427493,0.038648741760037165,0.050217403200539676,0.00013091328219423323,0.014117523150825038,0.017375779302962267,0.0029084967320261437,0.020688211889459723,0.0065246418172943705,0.00021367521367521368,0.0065246418172943705,0.0195508539010159
M9,M9,M9,false,,,,,base_p2,0.4273050329901955,0.4146676127206195,0.45935343991626393,0.020600148843222973,0.21238885149843784,0.23606069988791847,0.08930279400069009,0.2632373407420532,0.12735430002702267,0.04836774714964493,0.1155457469419001,0.20408209287018153
M9,M9,M9,false,,,,,base_p3,0.5009263812140985,0.4495806658809835,0.5782675988294862,0.028802295686136806,0.32434689309843057,0.28141775660049134,0.13654477468889922,0.26810541015603295,0.1656866272684154,0.0696868529272526,0.14348912632670544,0.19962549646291075
M9,M9,M9,false,,,,,base_p4,0.507292156869715,0.4572086411443624,0.5875726743177934,0.02508814452035035,0.34523598166428376,0.28266793939190715,0.1278326528436439,0.2612735225613657,0.1672628836193739,0.06957306862854158,0.1469278506478435,0.19744509673823368
M9,M9,M9,false,,,,,base_p5,0.5009263812140985,0.4495806658809835,0.5782675988294862,0.028802295686136806,0.32434689309843057,0.28141775660049134,0.13654477468889922,0.26810541015603295,0.1656866272684154,0.0696868529272526,0.14348912632670544,0.19962549646291075
M9,M9,M9,false,,,,,icl_p6,0.4964453252879056,0.5180296303196387,0.4920113044706258,0.028232873247259288,0.257580726635615,0.25506009280096126,0.1167642006116841,0.32708111319495875,0.1920906320597671,0.06399559560837643,0.16961655918017557,0.2695880864661429
M9,M9,M9,false,,,,,icl_p7,0.37580573762005026,0.3923618429086425,0.3719791979952292,0.01464858624963524,0.10467525825058395,0.20921062816168717,0.04789253713090455,0.28940227919969785,0.0745153180620546,0.02084804681800927,0.06893323895313475,0.2137121152729851
M9,M9,M9,false,,,,,icl_p8,0.39421856850385667,0.36234216337854214,0.4436444634741003,0.017305243119700105,0.24765340849610115,0.2153551708646489,0.07325479254761287,0.2674748450485679,0.16179904808845927,0.0509484919407666,0.14735628639909848,0.22074491492600004
M9.NQ1k.01.r16,M9.NQ1k.01.r16,M9,false,,NQ1k,01,r16,sft_xml,0.4913024119355462,0.5403022592717951,0.4655840608206662,0.024031269395832895,0.24498857736807714,0.24536471463705037,0.10630319770839505,0.3367531212110465,0.20379848183326876,0.06365797966431547,0.18658197166776308,0.2965086717343079
M9.NQ1k.01.r8,M9.NQ1k.01.r8,M9,false,,NQ1k,01,r8,sft_xml,0.5229137648235668,0.5791926010088487,0.4916116637262431,0.030808804903863736,0.2837233344285885,0.26328812749253133,0.12507020825345833,0.3675289291986989,0.2415565998503387,0.07983665504150987,0.22385771017752962,0.3189056418370172
M9.NQ1k.02.r16,M9.NQ1k.02.r16,M9,false,,NQ1k,02,r16,sft_xml,0.4551124691963196,0.5122546695850112,0.4233665666796944,0.018560989128173888,0.1671952429117918,0.2240742627167713,0.07990190359452241,0.30303389244921225,0.14277874293276274,0.04516145143927154,0.13659818688877468,0.25504222481201333
M9.NQ1k.02.r8,M9.NQ1k.02.r8,M9,false,,NQ1k,02,r8,sft_xml,0.4453373728827997,0.5079943260008638,0.4108455338261344,0.018717807471893787,0.16069064479903244,0.2278754941798139,0.07694216335417976,0.30142640208699384,0.13417994293870544,0.040724990973405525,0.12976011237054955,0.2608162538379459
M9.NQ1k.03.r16,M9.NQ1k.03.r16,M9,false,,NQ1k,03,r16,sft_xml,0.46879172162576155,0.5214837253093719,0.4381646871566772,0.018545791895656312,0.18184900506248933,0.2247635891614123,0.09059391513880487,0.3129707756368359,0.15574354527972611,0.04109765446946856,0.14477206950308796,0.2634786597821204
M9.NQ1k.03.r8,M9.NQ1k.03.r8,M9,false,,NQ1k,03,r8,sft_xml,0.49846757406538184,0.550338245250962,0.4676547948609699,0.025363011742670572,0.20761696503307442,0.24255516441999775,0.10579034252773817,0.3374955941209567,0.1818185766906406,0.061382490702226275,0.17036373102611263,0.28404751609065804
M9.NQ2k.01.r16,M9.NQ2k.01.r16,M9,false,,NQ2k,01,r16,sft_xml,0.5024264045737007,0.5643123550848528,0.46581265249035575,0.024694209510904966,0.24636533068504818,0.24995991888737037,0.10726989044026555,0.34170574144931176,0.2127648020864287,0.06068018438432108,0.19787446538489656,0.29486905270584224
M9.NQ2k.01.r8,M9.NQ2k.01.r8,M9,false,,NQ2k,01,r8,sft_xml,0.5279246311296116,0.5632150400768626,0.5116911897605115,0.03685349946507346,0.27565679610046356,0.26276211493357354,0.12714286066429148,0.37812450570123896,0.23237663499577962,0.06550866903526295,0.20856617493871812,0.31561585236983836
M9.NQ2k.02.r16,M9.NQ2k.02.r16,M9,false,,NQ2k,02,r16,sft_xml,0.46161491152915085,0.522177561304786,0.42528952780095014,0.013227266135960763,0.15648308783541418,0.2128729522470338,0.06682537331980198,0.2901967189468965,0.1273854376957358,0.02978571647429079,0.12066760438263394,0.2502787918737773
M9.NQ2k.02.r8,M9.NQ2k.02.r8,M9,false,,NQ2k,02,r8,sft_xml,0.45722330050034954,0.5186428666114807,0.42035734545100817,0.013250525462527458,0.1532917350251759,0.2075320634160752,0.06538491393702929,0.2768340965925233,0.12455013719994283,0.03160397573441052,0.12023354797286767,0.2357886231359686
M9.NQ2k.03.r16,M9.NQ2k.03.r16,M9,false,,NQ2k,03,r16,sft_xml,0.45697176320986316,0.516463396765969,0.4218612768433311,0.017765676677145893,0.15757041291538462,0.21898017665576888,0.07706051100345937,0.28668271966733383,0.13129796624918755,0.04093853175276101,0.12500345980507874,0.2515544441804992
M9.NQ2k.03.r8,M9.NQ2k.03.r8,M9,false,,NQ2k,03,r8,sft_xml,0.45479168539697473,0.5203449842604724,0.41584433764219286,0.023711298118225036,0.15847942291753034,0.23241712642583368,0.08145130959554778,0.27925941968164397,0.1360163514943305,0.049566173031820183,0.1306808176781785,0.24682840686039226
M9.NQ4k.01.r16,M9.NQ4k.01.r16,M9,false,,NQ4k,01,r16,sft_xml,0.45522740320725874,0.5254859867421063,0.41685064570470287,0.018769862406428327,0.16991096437078712,0.21860227904994775,0.07240613143866598,0.27467813582330136,0.14204162836420237,0.04535225643921296,0.13645988636352205,0.2434711019816053
M9.NQ4k.01.r8,M9.NQ4k.01.r8,M9,false,,NQ4k,01,r8,sft_xml,0.44876202602278104,0.5200089778412472,0.4073321198875254,0.013415717866679956,0.15778472761046772,0.21115455323528567,0.05509969337822254,0.26650458467239796,0.13115997005886995,0.03802996520387824,0.12691322939319097,0.23807454350958654
M9.NQ4k.02.r16,M9.NQ4k.02.r16,M9,false,,NQ4k,02,r16,sft_xml,0.43259849792177024,0.4914842640811747,0.3966976661573757,0.012543818573415619,0.11089099011869866,0.20008339906289171,0.049934673713025755,0.26178831071850545,0.0947541871708953,0.025671936758893284,0.09261329775727863,0.22615362497300706
M9.NQ4k.02.r8,M9.NQ4k.02.r8,M9,false,,NQ4k,02,r8,sft_xml,0.4355193564837629,0.5003030851483345,0.39758538563143125,0.011516198068080746,0.11082977858246774,0.2009842045178496,0.041930225444211905,0.2561680865136299,0.09090915183933944,0.028853099030964648,0.08653972541249674,0.22389474184945915
M9.NQ4k.03.r16,M9.NQ4k.03.r16,M9,false,,NQ4k,03,r16,sft_xml,0.4473655099218542,0.5191770139065656,0.4054882460019805,0.014431048992702812,0.13400836273312722,0.20375748347676828,0.05736196739049315,0.26409703314173044,0.11636532015884359,0.03336989281556909,0.1134122875283916,0.2271797390447848
M9.NQ4k.03.r8,M9.NQ4k.03.r8,M9,false,,NQ4k,03,r8,sft_xml,0.4332769626920873,0.5069521229375492,0.3901061169125817,0.011110344792521586,0.11893382785968686,0.19875297022168792,0.048724072021533636,0.24373188533700427,0.09972085924114794,0.03054375722359912,0.09641191531151436,0.2112858505498419
M9_baseline,M9_baseline,M9_baseline,false,,,,,sft_xml,0.49807389107617467,0.5612450298937884,0.4596718347885392,0.02313540316055511,0.22495107562608235,0.24513693684338098,0.09637213856776725,0.3289477055775636,0.19590209673574632,0.054208727389106745,0.18282455498700353,0.2881740473897767
