SSID,Filename,Tags,Title,Title Confidence,Creator,Creator Confidence,Volume,Volume Confidence,Issue,Issue Confidence,Date,Date Confidence,Language,Language Confidence,Description,Description Confidence,Subject,Subject Confidence,Type,Type Confidence,Coverage,Coverage Confidence,Format,Format Confidence,Publisher,Publisher Confidence,Medium,Medium Confidence,Technique,Technique Confidence,Material,Material Confidence,Measurements,Measurements Confidence,Style,Style Confidence,Culture,Culture Confidence,Period,Period Confidence,Location,Location Confidence,Named Entities,Named Entities Confidence,Keywords,Keywords Confidence,Resource Type,Resource Type Confidence
42035475,isleevy-009.jpg,AI Generated,Marriage Invitation for Mary E. Kirkland and Isaac S. Leevy Jr.,high,Mr. and Mrs. Levi Kirkland,high,,,,,1909-06-23,high,English,high,"Invitation to the marriage of Mary E. Kirkland and Isaac S. Leevy Jr., hosted by Mr. and Mrs. Levi Kirkland, held at A. M. E. Zion Church in Westville, South Carolina, on June 23, 1909, at 10:30 a.m., with a reception at Y. M. C. A. Hall in Columbia.",high,"Marriage | Weddings | Wedding cards | 20th century | South Carolina State House (Columbia, S.C.)",,Invitation,high,"style: formal | culture: American | period: 20th century | location: Westville, South Carolina",,medium: paper | technique: printed | material: paper | measurements: N/A,,,,paper,high,printed,high,paper,low,N/A,medium,formal,high,American,high,20th century,low,"Westville, South Carolina",high,Mary E. Kirkland | Isaac S. Leevy Jr. | Mr. and Mrs. Levi Kirkland | A. M. E. Zion Church | Y. M. C. A. Hall | Westville | Columbia,high,marriage | wedding | invitation | South Carolina | early 20th century,high,Images,
42035482,isleevy-020.jpg,AI Generated,Memorial Obsequies Program for Isaac Samuel Leevy,high,Unknown,medium,,,,,1968-12-12,high,English,high,"Memorial program for Isaac Samuel Leevy, including a black-and-white portrait photograph, the poem 'Crossing the Bar' by Alfred Tennyson, a detailed order of service held at Allen University Auditorium on December 12, 1968, and an obituary summarizing Leevy's life, education, honors, and civic contributions in South Carolina. The program lists the names of participants in the service, honorary and active pallbearers, and acknowledges the support shown to the Leevy family.",medium,"Memorial service programs | Obituaries | African American civic leaders | Civic leaders | Funeral service | Businesspeople, Black | Memorialization",,Funeral Program,low,"style: memorial program | culture: American | period: 20th century | location: Columbia, South Carolina, United States",,medium: printed paper | technique: letterpress printing | material: ink on paper | measurements: Unknown,,,,printed paper,medium,letterpress printing,medium,ink on paper,high,Unknown,high,memorial program,medium,American,high,20th century,high,"Columbia, South Carolina, United States",high,"Isaac Samuel Leevy | Allen University | Allen University Choir | John Hunter | J. M. Hinton | L. C. Jenkins, Sr. | Lester L. Bates | Matthew D. McCollom | F. G. C. Dubose | WOIC | Benedict College | Mather Academy | Hampton Institute | South Carolina State College | Morris College | Sumter | Columbia | Lincoln Cemetery | Kershaw County | Orangeburg",medium,Isaac Samuel Leevy | memorial | funeral program | obituary | Allen University | South Carolina | African American history | civic leader | businessman | community service | 1968,high,Images,
42035496,isleevy-037.jpg,AI Generated,Leevy's Standard Furniture Company Rental Agreement Forms and Associated Business Documents,low,Leevy's Standard Furniture Company | I. S. Leevy,high,,,,,1920s,high,English,high,"A set of business documents related to Leevy's Standard Furniture Company and I. S. Leevy, Merchant Tailor, based in Columbia, South Carolina. Included are a blank rental agreement form for furniture rental, a business letterhead for I. S. Leevy, a decorative notecard addressed to Mary from I. S. Leevy, and a blank applicant information sheet requesting personal, occupational, and reference details. The forms reflect the business practices and documentation of an African American-owned enterprise in the early twentieth century.",medium,Business records | Lease and rental services | African American business enterprises | Furniture | Tailors | Employment references | Business enterprises,,Business records,low,"style: administrative | culture: American | period: early 20th century | location: Columbia, South Carolina",,medium: paper | technique: printed | material: paper | measurements: 4 pages,,Leevy's Standard Furniture Company,high,paper,high,printed,high,paper,medium,4 pages,medium,administrative,medium,American,high,early 20th century,medium,"Columbia, South Carolina",high,Leevy's Standard Furniture Company | I. S. Leevy | Mary | Columbia | South Carolina,high,furniture rental | merchant tailor | business forms | Columbia | South Carolina | African American business | rental agreement | personal references,high,Images,
42035494,isleevy-030.jpg,AI Generated,"Leevy's Funeral Home, Inc. promotional hand fan",medium,"Leevy's Funeral Home, Inc.",high,,,,,ca. 1970,high,English,high,"Promotional hand fan advertisement for Leevy's Funeral Home, Inc., featuring a halftone image of the funeral home building, a portrait of I. S. Leevy, and text promoting air-conditioned limousines and superior service. The fan lists the address at 1831 Taylor St., Columbia, South Carolina, and includes the phrase 'A Temple of Service.'",medium,Funeral homes | Advertising | African American businesspeople | African American self-employed | Funeral service | Advertising campaigns | Columbia (Symbolic character),,Promotional Hand Fan,low,"style: commercial advertising | culture: American | period: 20th century | location: Columbia, South Carolina, United States",,medium: printed paper | technique: halftone printing | material: ink on paper | measurements: Unknown,,,,printed paper,high,halftone printing,low,ink on paper,high,Unknown,medium,commercial advertising,low,American,high,20th century,medium,"Columbia, South Carolina, United States",high,"Leevy's Funeral Home, Inc. | I. S. Leevy | Columbia | South Carolina",medium,funeral home | advertising | African American business | Columbia | South Carolina | I. S. Leevy,high,Images,
42035464,isleevy-003.jpg,AI Generated,"Postcards sent to Mary Kirkland, 1906–1908",medium,Unknown | J. S. Leary | Johns Filamore Price,low,,,,,1906–1908,high,English,high,"A group of six early twentieth-century postcards sent to Miss Mary Kirkland in South Carolina between 1906 and 1908. The postcards feature a variety of illustrated and embossed designs, including a racially stereotyped caricature captioned 'Disturbing the Piece,' botanical imagery such as red currants, and a floral motif with the phrase 'To My Pet.' Several cards include handwritten messages and postal marks from Westville and Asheville, South Carolina, and are addressed to Mary Kirkland. Some messages are signed by J. S. Leary and Johns Filamore Price.",medium,Postcards | Correspondence | Embossing (Printing) | Racism in art | Caricature | Botanical illustration | Twentieth century,,Postcard,high,"style: Early 20th-century American postcard | culture: American | period: Early 20th century | location: South Carolina, United States",,"medium: printed and embossed postcards with handwritten ink inscriptions | technique: chromolithography, embossing, and ink handwriting | material: ink and chromolithograph on cardstock | measurements: Unknown",,,,printed and embossed postcards with handwritten ink inscriptions,low,"chromolithography, embossing, and ink handwriting",low,ink and chromolithograph on cardstock,low,Unknown,medium,Early 20th-century American postcard,low,American,high,Early 20th century,high,"South Carolina, United States",high,Mary Kirkland | J. S. Leary | Johns Filamore Price | Westville | Camden | Asheville,high,postcard | Mary Kirkland | South Carolina | Westville | Asheville | racist caricature | botanical illustration | embossed postcard | early 20th century | correspondence,high,Images,
42035476,isleevy-013.jpg,AI Generated,Leevy's Funeral Home Undertaking and Embalming Advertisement,high,Leevy's Funeral Home,high,,,,,ca. 1940s,high,English,high,"An advertisement for Leevy's Funeral Home in Columbia, South Carolina, promoting undertaking and embalming services. The document highlights features such as ambulances available anytime and anywhere, superior service and equipment, lower prices, and a policy of not refusing deserving poor. The ad lists I. S. Leevy as manager and provides the business address and phone number.",high,Advertising | Funeral homes | Embalming | Funeral service | African American business enterprises | African American self-employed | Columbia (Symbolic character),,Advertisement,high,"style: advertising | culture: American | period: 20th century | location: Columbia, South Carolina",,medium: paper | technique: printed | material: paper | measurements: 1 page,,Leevy's Funeral Home,high,paper,high,printed,high,paper,low,1 page,low,advertising,low,American,high,20th century,high,"Columbia, South Carolina",high,"Leevy's Funeral Home | I. S. Leevy | Columbia, S.C.",high,funeral home | undertaking | embalming | advertisement | Columbia | South Carolina | African American business,high,Images,
42035488,isleevy-028.jpg,AI Generated,"The Columbia Record, Columbia, South Carolina, Saturday, December 14, 1968",high,"Montgomery, John A. | Jenkins, H. Harrison",high,,,,,1968-12-14,high,English,high,"Obituary and tribute to Isaac Samuel Leevy, a prominent South Carolinian recognized for his dedication to public service, business, and education. The article details his instrumental role in founding schools, organizing civic enterprises, and advancing racial equality, including his involvement with the State Fair Association, NAACP, and the S.C. Race Relations Commission. Leevy's contributions to both primary and higher education are highlighted, as well as his recognition by several state colleges. The article reflects on his 91-year life, his legacy in social justice, and his perspective as a mortician. The page also includes a 'Moment of Meditation' featuring a biblical passage selected by Rev. James Rowland, vicar of The Episcopal Church of The Holy Comforter, Columbia.",medium,"Obituaries | Social justice | Race relations | Education, Primary | Education, Higher | Mortuary technicians | Meditations",,Newspaper,high,"style: journalism | culture: American | period: 1960s | location: Columbia, South Carolina, United States",,medium: paper and ink | technique: letterpress printing | material: newsprint | measurements: unknown,,The Columbia Record,high,paper and ink,low,letterpress printing,medium,newsprint,high,unknown,high,journalism,low,American,high,1960s,high,"Columbia, South Carolina, United States",high,"Isaac Samuel Leevy | State Fair Association | NAACP | S.C. Race Relations Commission | Waverly School | Carver School | Booker Washington School | State Industrial School for Negro Girls | Richland County Tuberculosis Hospital at Ridgewood | State College in Orangeburg | S.C. State College | Morris College | Allen University | Benedict College | Rev. James Rowland | The Episcopal Church of The Holy Comforter, Columbia",high,Isaac Samuel Leevy | public service | education | South Carolina | obituary | social justice | NAACP | State Fair Association | S.C. Race Relations Commission | schools | mortician | Moment of Meditation | Rev. James Rowland,high,Images,
42035484,isleevy-026.jpg,AI Generated,"I. S. Leevy, Columbia Business Man, Gets Service Award For Ten Years Service",high,Unknown,high,,,,,/ca. 1939/,low,English,high,"Newspaper clipping featuring a portrait of I. S. Leevy, a prominent business man of Columbia, South Carolina, who received a bronze award for ten years of outstanding service from the Standard Oil Company of New Jersey. The article details Leevy's business ventures, including the opening of the Leevy Service Station at 1831 Taylor St. in 1929, his earlier teaching career, and his entrepreneurial activities in department stores and furniture sales. The article also notes his community involvement, relationships with local leaders, and his operation of a modern funeral home with the assistance of his family and employees.",medium,African American businesspeople | Awards | Service stations | Funeral homes | Award presentations | African American self-employed,,Newspaper clipping,high,"style: journalistic | culture: American | period: 20th century | location: Columbia, South Carolina",,medium: newsprint | technique: printed | material: ink on paper | measurements: approx. 28 cm x 6 cm,,,,newsprint,medium,printed,low,ink on paper,high,approx. 28 cm x 6 cm,low,journalistic,high,American,high,20th century,high,"Columbia, South Carolina",high,I. S. Leevy | Standard Oil Company of New Jersey | Leevy Service Station | Gershaw County | Mather at Camden | Hampton | Maysville | Rev. Richard Carrol | Columbia,medium,I. S. Leevy | Columbia | Standard Oil Company of New Jersey | service award | Leevy Service Station | African American business | funeral home | Gershaw County | Mather at Camden | Hampton | Maysville | Richard Carrol,high,Images,
42035516,isleevy-132.jpg,AI Generated,Compositions: History Notes by I. S. Leevy,medium,I. S. Leevy,high,,,,,undated,low,English,high,"A handwritten notebook containing historical notes and outlines on topics such as the nebular hypothesis, atomic theory, Grecian history, and references to various historical texts and figures. The notebook appears to be a student's compilation of lecture notes, reading lists, and thematic outlines spanning subjects in world history, science, and literature.",low,"History | History, Ancient | Atomic theory | Education, Secondary | Reading interests | History students",,Notebook,high,style: prose | culture: American | period: late 19th century | location: United States,,medium: paper | technique: handwritten | material: lined paper | measurements: 105 pages,,,,paper,high,handwritten,high,lined paper,low,105 pages,medium,prose,high,American,high,late 19th century,medium,United States,high,I. S. Leevy | E. Pool | Dr. Gordon | U.S. Department of Agriculture,medium,history | lecture notes | Grecian history | atomic theory | reading lists | education,high,Images,
42035474,isleevy-012.jpg,AI Generated,Christmas and New Year Greeting Card from Goodwin Lumber & Supply Co.,high,Goodwin Lumber & Supply Co.,high,,,,,undated,high,English,high,"A printed greeting card expressing appreciation for customers' confidence and extending wishes for a joyful Christmas and a prosperous New Year. The card is issued by Goodwin Lumber & Supply Co. of Columbia, South Carolina.",high,Christmas | Greeting cards | New Year | Christmas cards | Holidays,,Greeting card,high,"style: prose | culture: American | period: 20th century | location: Columbia, South Carolina",,medium: paper | technique: printed | material: cardstock | measurements: N/A,,Goodwin Lumber & Supply Co.,high,paper,high,printed,high,cardstock,medium,N/A,high,prose,high,American,high,20th century,high,"Columbia, South Carolina",high,Goodwin Lumber & Supply Co. | 1527 Lyon St. | Columbia | S. C.,medium,Christmas | New Year | business appreciation | holiday greeting | Goodwin Lumber & Supply Co.,high,Images,
42035495,isleevy-033.jpg,AI Generated,"BLACK ON NEWS, November 1973: Isaac Leevy--A Family Tradition",high,Unknown,high,,,,,1973-11,low,English,high,"Biographical article detailing the life and achievements of Isaac Samuel Leevy, a prominent South Carolinian who made significant contributions to business, education, and civil rights. The article outlines Leevy's efforts in founding and supporting various institutions, including schools, hospitals, and businesses serving the Black community. It highlights his involvement in politics, his advocacy for voter registration, and his leadership roles in religious and civic organizations. The article also discusses the continuation of his legacy through his descendants and their ongoing impact on the community.",low,"Pioneers, Black | Civil rights | Business enterprises | Education | Community leadership | Voter registration | Politics and government",,Newspaper Page,medium,"style: Journalistic reporting | culture: American | period: 1970s | location: South Carolina, United States",,medium: Print | technique: Offset printing | material: Newsprint | measurements: Approximately 38 x 28 cm,,BLACK ON NEWS,high,Print,high,Offset printing,high,Newsprint,high,Approximately 38 x 28 cm,low,Journalistic reporting,high,American,high,1970s,low,"South Carolina, United States",high,Isaac Samuel Leevy | Booker T. Washington School | Waverly Graded School | Victory Savings Bank | Palmetto State Fair Association | Negro Business League | National Republican Party | Methodist Church | Richland County | Orangeburg State College | Palmetto State Voters Association,low,Isaac Samuel Leevy | Black pioneer | South Carolina | business | education | civil rights | politics | voter registration | community leadership,medium,Images,
42035481,isleevy-023.jpg,AI Generated,"The Afro-American, December 21, 1968: Leading mortician dies in Columbia",high,Unknown,high,,,,,1968-12-21,high,English,high,"Obituary article reporting the death of Isaac Samuel Leevy, a funeral director and prominent educational worker in Columbia, South Carolina. The article summarizes Leevy's contributions to local business, civic organizations, and education, including his roles in founding the Booker T. Washington High School and co-organizing the State Industrial School. It notes his involvement in politics, including bids for state legislature and Congress, and his switch from the Republican to the Democratic Party. The article lists his family survivors and honorary degrees from several institutions.",medium,"Obituaries | Necrologies | African Americans | Community leadership | Education, Secondary | Education, Higher | Funeral service",,Newspaper,high,"style: journalism | culture: American | period: 1960s | location: Columbia, South Carolina, United States",,medium: newsprint | technique: offset printing | material: ink on paper,,The Afro-American,high,newsprint,low,offset printing,medium,ink on paper,high,,,journalism,low,American,high,1960s,high,"Columbia, South Carolina, United States",high,Isaac Samuel Leevy | Booker T. Washington High School | State Industrial School | Richland County Tuberculosis Hospital | Booker T. Washington High School | Leevy Department Stores of Columbia | Standard Funeral Home | Victory Savings Bank | Leevy Essay Station | Democratic Party | Republican Party | Antioch | Kershaw County | Mather Academy | Hampton Institute | S.C. State College | Morris College | Allen University | WOIC | Ruby Johnson | Isaac Leevy | Carroll Leevy | Mamie Breese | Laura Rivers | Lucretia Bracey | Ellen Haley,medium,obituary | Isaac Samuel Leevy | Columbia | funeral director | education | African American history | South Carolina | Booker T. Washington High School | Leevy family | community leader,medium,Images,
42035479,isleevy-017.jpg,AI Generated,Personal Biography of Isaac Samuel Leevy for Inclusion in South Carolina Lives,high,Isaac Samuel Leevy,high,,,,,ca. 1963,high,English,high,"Biographical profile of Isaac Samuel Leevy, a religious, business, civic, and educational leader in Columbia, South Carolina. The document details his birth in Antioch, Kershaw County, education at several institutions, honorary degrees, extensive business and civic activities, leadership in morticians associations, political candidacies, religious service, and family life. Leevy was recognized for his perseverance, community leadership, and advocacy for African American advancement in education, business, and public service.",low,"Biography | African American civic leaders | Civic leaders | Business | Politics and government | Religion | Education, Higher",,Biography,low,"style: prose | culture: American | period: 20th century | location: Columbia, South Carolina",,medium: paper | technique: typed | material: typewritten document | measurements: 3 pages,,,,paper,high,typed,high,typewritten document,low,3 pages,high,prose,high,American,high,20th century,high,"Columbia, South Carolina",high,Isaac Samuel Leevy | Laura (Hunter) Leevy | Miss Mary E. Kirkland | Ruby Johnson | Isaac Kirkland Leevy | Dr. Carroll Moten Leevy | Marion Naomi Leevy | Benedict College | South Carolina State College | Morris College | Allen University | Claflin College | Richland County | Fairwold School | Wilkinson Orphan Home for Negro Girls | Elkinton Old Folks Home | Colored Soldiers Service Club | Judge Martin Keogh | Richard Nixon | Woodrow Wilson | Methodist Church,medium,biography | African American leaders | South Carolina history | civic leadership | education | business | politics | religion,high,Images,
42035515,isleevy-074.jpg,AI Generated,History Notes Notebook,low,Isaac Samuel Leevy,high,,,,,ca. 1905,high,English,high,"A handwritten notebook containing questions, outlines, and notes on American history, including topics such as the Revolutionary War, British plans in 1779, the formation of the union, and the Constitution. The content suggests use as a study or classroom aid, with entries organized by topic and question.",low,"History | Constitution | Note-taking | Notebooks | Study guides | Revolutionaries | American Revolution Bicentennial, 1976",,Notebook,high,style: prose | culture: American | period: early 20th century | location: United States,,medium: paper | technique: handwritten | material: lined notebook paper | measurements: 58 pages,,,,paper,high,handwritten,high,lined notebook paper,low,58 pages,high,prose,high,American,high,early 20th century,high,United States,high,Isaac Samuel Leevy | Arnold | Cornwallis,high,American Revolution | history education | study notes | Constitution | notebook,high,Images,
42035428,isleevy-001.jpg,AI Generated,"Letter from Isaac S. Leary to Mr. J.S. Leary, March 7, 1906",high,Isaac S. Leary,high,,,,,1906-03-07,high,English,high,"A handwritten letter from Isaac S. Leary, a student at Hampton Institute in Hampton, Virginia, to his father Mr. J.S. Leary in Camden, South Carolina. Isaac reflects on the privilege of being a Hampton student, the positive influence of his experiences over four years, and the importance of having role models. He discusses the value of seeing exemplary lives among peers and mentors, and expresses gratitude for the opportunities for personal growth at Hampton. Isaac concludes by expressing hope to carry these lessons forward and looks forward to hearing from his father.",medium,"Education, Higher | College students | Role models | Correspondence | Personality development | Student activities | Family partnership",,Letter,high,"style: Prose | culture: American | period: Early 20th century | location: Hampton, Virginia",,medium: Paper | technique: Handwritten | material: Ink on paper | measurements: 2 pages,,,,Paper,high,Handwritten,high,Ink on paper,high,2 pages,high,Prose,high,American,low,Early 20th century,high,"Hampton, Virginia",high,"Isaac S. Leary | Mr. J.S. Leary | Hampton Institute | Hampton, Virginia | Camden, South Carolina",high,Hampton Institute | student life | personal growth | role models | family correspondence | education,high,Images,
42035473,isleevy-011.jpg,AI Generated,Peaceful Valley Season's Greetings card with children and dog in snowy landscape,medium,V. D. Volk,low,,,,,1947-12-16,high,English,high,"A winter scene depicting a child in red winter clothing sitting on a sled with a freshly cut evergreen tree, being pulled by an older child through a snow-covered forest. A dog walks alongside them, and in the background, houses with smoking chimneys are nestled among hills and trees. The card includes the printed phrases 'Peaceful Valley' and 'Season's Greetings.'",medium,Greeting cards | Holidays | Christmas trees | Children | Sledding | Dogs | Winter in art,,greeting card,high,style: American illustration | culture: American | period: mid-20th century | location: United States,,medium: ink and watercolor on paper | technique: offset lithography | material: paper | measurements: approximately 14 x 10 cm,,,,ink and watercolor on paper,low,offset lithography,low,paper,high,approximately 14 x 10 cm,medium,American illustration,low,American,high,mid-20th century,high,United States,high,Peaceful Valley,high,winter scene | greeting card | children | sled | dog | Christmas tree | snow | holiday,medium,Images,
42035485,isleevy-025.jpg,AI Generated,"Outstanding South Carolina Negro, 23 January 1969",high,"Montgomery, John A.",high,,,,,1969-01-23,high,English,high,"Biographical newspaper article recounting the life and achievements of Isaac Samuel Leevy, a prominent African American leader in South Carolina. The article details Leevy's contributions to business, education, civic work, and politics, including his role in advancing opportunities for African Americans in his state. It highlights his political career as a Republican, his multiple campaigns for Congress, his educational background, and his influence on civil rights and local leadership. The article includes commentary on Leevy's relationships with political figures such as Strom Thurmond and his impact on the African American community. The page features a portrait photograph of Isaac Samuel Leevy and a smaller image of the article's author, John A. Montgomery.",medium,African American politicians | Civil rights | Political campaigns | Business | Education | Republicanism | African American leadership,,Newspaper Article,high,"style: Journalistic reporting | culture: American | period: 20th century | location: South Carolina, United States",,medium: Print | technique: Offset printing | material: Newsprint | measurements: Approximately 30 x 55 cm,,,,Print,high,Offset printing,low,Newsprint,high,Approximately 30 x 55 cm,medium,Journalistic reporting,high,American,high,20th century,low,"South Carolina, United States",high,Isaac Samuel Leevy | John A. Montgomery | William E. Gonzales | Strom Thurmond | Richard Nixon | John F. Kennedy | South Carolina GOP | Mather Academy | Hampton Institute | South Carolina State College | Morris College | Allen University | Bar Harbor | Bermuda | Palm Beach | Columbia,medium,Isaac Samuel Leevy | South Carolina | African American leaders | Civil rights | Politics | Republican Party | Congressional campaigns | Education | Business | Strom Thurmond,high,Images,
42035487,isleevy-027.jpg,AI Generated,Outstanding South Carolina Negro,high,"Montgomery, John A.",high,,,,,1957-01-03,low,English,high,"Biographical newspaper article recounting the life and achievements of Isaac Samuel Leevy, a prominent African American leader in South Carolina. The article discusses Leevy's involvement in business, education, civic works, and politics, his transition from the Democratic to the Republican Party, his multiple runs for Congress, and his advocacy for civil rights and racial cooperation. It highlights Leevy's early education, professional journey, and remarks on race relations and political leadership, including his views on Strom Thurmond. The article is accompanied by a portrait of Isaac Samuel Leevy.",low,African American politicians | Civil rights | Race relations | Political leadership | Republicanism | African American civic leaders | Political parties,,Newspaper,high,"style: journalism | culture: American | period: 1950s | location: South Carolina, United States",,medium: paper and ink | technique: letterpress printing | material: newsprint,,,,paper and ink,medium,letterpress printing,medium,newsprint,high,,,journalism,high,American,high,1950s,medium,"South Carolina, United States",high,"Isaac Samuel Leevy | John A. Montgomery | William E. Gonzales | Strom Thurmond | Bar Harbor, Maine | Kershaw County | Camden | Hampton Institute | Virginia | South Carolina State College | Morris College | Allen University | Bernuda | Palm Beach | Columbia | Republican Party | Democratic Party | GOP | The State",medium,Isaac Samuel Leevy | South Carolina | African American leaders | Republican Party | Democratic Party | Congress | civil rights | race relations | political leadership | Strom Thurmond,high,Images,
42035490,isleevy-032.jpg,AI Generated,"I. S. Leevy, Columbia Business Man, Gets Service Award For Ten Years Service",high,Unknown,high,,,,,,,English,high,"Newspaper clipping reporting that I. S. Leevy, a prominent business man and operator of a Standard Oil Service Station in Columbia, South Carolina, received a bronze award for ten years of outstanding service from the Standard Oil Company of New Jersey. The article provides a brief biography of Leevy, including his early education, career as a teacher, ventures in the tailor and department store businesses, and eventual establishment of a filling station at 1831 Taylor Street. It also notes his involvement in the funeral business and assistance from his family and employees.",medium,African American businesspeople | Businesspeople | Service stations | Funeral homes | Department stores | Awards | Award presentations,,Newspaper clipping,high,"style: journalistic | culture: American | period: 20th century | location: Columbia, South Carolina",,medium: paper | technique: printed | material: ink on paper | measurements: clipping approx. 25 cm x 7 cm,,,,paper,low,printed,high,ink on paper,high,clipping approx. 25 cm x 7 cm,low,journalistic,high,American,high,20th century,high,"Columbia, South Carolina",high,"I. S. Leevy | Standard Oil Company of New Jersey | Rev. Richard Carroll | Columbia, South Carolina | Kershaw County | Camden | Hampton | Maysville",medium,I. S. Leevy | Standard Oil Service Station | Columbia | service award | businessman | African American entrepreneurship | funeral home | department store | Great Depression,high,Images,
42035492,isleevy-031.jpg,AI Generated,Leevy's Directors of Funerals Promotional Fan Insert,medium,Leevy's Directors of Funerals,high,,,,,undated,low,English,high,"Promotional fan insert for Leevy's Directors of Funerals, a funeral home located at 1831 Taylor Street, Columbia, South Carolina. The document highlights the company's superior service, including spacious suites for services, reposing rooms, lounges, rest rooms, and casket display rooms with home-like appointments, all fully air-conditioned and accompanied by a fleet of professional cars. The insert emphasizes the firm's ideals of faithful service, improvement, and professionalism.",medium,Funeral homes | Funeral service | Sales promotion | Advertising copy | Promotions | Brochures | Place marketing literature,,Promotional material,high,"style: expository | culture: American | period: 20th century | location: Columbia, South Carolina",,medium: paper | technique: printed | material: paper | measurements: N/A,,Leevy's Directors of Funerals,high,paper,high,printed,high,paper,high,N/A,medium,expository,low,American,high,20th century,high,"Columbia, South Carolina",high,Leevy's Directors of Funerals | Columbia | South Carolina,high,funeral home | Columbia | South Carolina | promotional material | Leevy's Directors of Funerals,high,Images,
42035514,isleevy-041.jpg,AI Generated,"Notebook of Isaac Samuel Leevy, July 1911",high,Isaac Samuel Leevy,high,,,,,1911-07,high,English,high,"A handwritten notebook by Isaac Samuel Leevy containing notes on African American women's organizations, social work, and community activities, with references to meetings, leaders, and initiatives related to women's education, employment, and social uplift. The content includes observations on women's clubs, the YWCA, and the role of women in church and community service, reflecting early twentieth-century efforts toward racial and gender progress.",low,African American women | Young Women's Christian associations | Employment | Community organization | Education | Social change,,Notebook,high,style: prose | culture: African American | period: early 20th century | location: United States,,medium: paper | technique: handwritten | material: lined notebook paper | measurements: approx. 15 x 9 cm; 33 pages,,,,paper,high,handwritten,high,lined notebook paper,low,approx. 15 x 9 cm; 33 pages,low,prose,high,African American,high,early 20th century,high,United States,high,Isaac Samuel Leevy | Howard University | YWCA,high,African American women | women's clubs | community service | social uplift | education | employment | YWCA | Howard University,high,Images,
42035477,isleevy-010.jpg,AI Generated,Letter from The Bruner Woolen Co. to I. S. Leevy congratulating marriage,high,The Bruner Woolen Co.,high,,,,,1909-07-19,high,English,high,"A business letter from The Bruner Woolen Co., Importers of Fine Woolens in New York, addressed to Mr. I. S. Leevy of Columbia, South Carolina. The letter acknowledges receipt of a newspaper clipping regarding Mr. Leevy's marriage, extends congratulations and best wishes to Mr. and Mrs. Leevy, and expresses appreciation for sending the announcement.",high,Marriage | Commercial correspondence | Woolen goods | Business communication | New York Metropolitan Area | Columbia (Symbolic character),,Letter,high,"style: Correspondence | culture: American | period: Early 20th century | location: New York, New York",,medium: Paper | technique: Typed | material: Paper | measurements: N/A,,The Bruner Woolen Co.,high,Paper,high,Typed,high,Paper,medium,N/A,high,Correspondence,low,American,high,Early 20th century,high,"New York, New York",high,"I. S. Leevy | The Bruner Woolen Co. | Mrs. Leevy | New York | Columbia, South Carolina",medium,Marriage | Congratulations | Business correspondence | Woolens | Announcement | Columbia | New York,medium,Images,
42035478,isleevy-014.jpg,AI Generated,"Programs for the Non-Partisan Coordinating Voter Registration Centennial Association Meetings, August 1963",high,Non-Partisan Coordinating Voter Registration Centennial Association,high,,,,,1963-08,high,English,high,"Programs outlining the order of proceedings for meetings of the Non-Partisan Coordinating Voter Registration Centennial Association held in August 1963 in South Carolina. The documents detail the association's goal of registering 100,000 voters, provide agendas for meetings at New Bethany Baptist Church in Fort Motte and First Calvary Baptist Church in Columbia, and list participants, officers, and speakers. Topics include voter registration organization, community responsibility, citizenship training, and recognition of those present.",medium,Voter registration | Civil rights | Community organization | African Americans | Community leadership | Nineteen sixties | Civil rights movements,,Program,high,"style: prose | culture: American | period: 20th century | location: South Carolina, United States",,medium: paper | technique: typed | material: typewritten paper | measurements: 3 pages,,Non-Partisan Coordinating Voter Registration Centennial Association,high,paper,high,typed,high,typewritten paper,medium,3 pages,high,prose,low,American,high,20th century,high,"South Carolina, United States",medium,"Non-Partisan Coordinating Voter Registration Centennial Association | I. S. Leevy | Reverend L. E. Crumlin | Reverend E. W. Hagins | Howard E. Wright | J. A. Bacoats | Matthew Perry | H. P. Pride | W. E. Solomon | Maxie Gordon | Mike Rosen | C. H. Thomas, Jr. | I. D. Newman | New Bethany Baptist Church | First Calvary Baptist Church | Columbia, South Carolina | Fort Motte, South Carolina",high,voter registration | civil rights | South Carolina | community organization | African American history | 1960s,high,Images,
42035489,isleevy-035.jpg,AI Generated,Letter from Ruby Leevy Johnson to Tom Johnson regarding the history and writings of her father,high,Ruby Leevy Johnson,high,,,,,1973-09-26,high,English,high,"A letter from Ruby Leevy Johnson to Tom Johnson at the South Caroliniana Library, University of South Carolina. The letter discusses the enclosure of her father's history, a letter he wrote while in school, news articles, and his obituary. Ruby Leevy Johnson asks if pictures are needed and provides information about Doctor Leevy, a relative living in Bayonne, New Jersey, who is a writer, speaker, and teacher. The letter also references Mr. Sam Latimer Extension 231 State Record Company Stadium Road as a source of additional information. A postscript notes that Attorney Johnson, former House of Representatives member I. S. Leevy Johnson, is a grandson.",high,Correspondence | Family histories | Genealogy | Obituaries | Libraries | Family records,,Letter,high,"style: Correspondence | culture: American | period: Late 20th century | location: Columbia, South Carolina",,medium: Paper | technique: Typed | material: Letterhead stationery | measurements: 8.5 x 11 inches,,,,Paper,high,Typed,high,Letterhead stationery,medium,8.5 x 11 inches,high,Correspondence,high,American,high,Late 20th century,high,"Columbia, South Carolina",high,Ruby Leevy Johnson | Tom Johnson | South Caroliniana Library | University of South Carolina | Doctor Leevy | Sam Latimer | State Record Company | I. S. Leevy Johnson,high,family history | obituary | South Carolina | Leevy family | correspondence | libraries | genealogy,high,Images,
42035491,isleevy-036.jpg,AI Generated,Letter from Ruby Leevy Johnson to Tom Johnson regarding donation of I. S. Leevy materials,high,Ruby Leevy Johnson,high,,,,,1973-10-05,high,English,high,"A letter from Ruby Leevy Johnson, written on Leevy's Funeral Home, Inc. letterhead, addressed to Mr. Tom Johnson at the South Caroliniana Library, University of South Carolina. Ruby Leevy Johnson encloses personal notebooks and cards of her late father, I. S. Leevy, as well as a congratulatory letter from his favorite woolen cloth buyers, for inclusion in the library's collection. She expresses hope that her contribution honors her father's memory.",high,Charitable giving | Family archives | Personal archives | Funeral homes | Family records | Library records | Charitable contributions,,Letter,high,"style: Correspondence | culture: American | period: Late 20th century | location: Columbia, South Carolina",,medium: Paper | technique: Typed | material: Typed letter on business letterhead | measurements: 1 page,,"Leevy's Funeral Home, Inc.",high,Paper,high,Typed,high,Typed letter on business letterhead,low,1 page,high,Correspondence,high,American,high,Late 20th century,high,"Columbia, South Carolina",high,"Ruby Leevy Johnson | I. S. Leevy | Tom Johnson | Leevy's Funeral Home, Inc. | South Caroliniana Library | University of South Carolina",high,Donation | Personal papers | I. S. Leevy | Family correspondence | South Carolina | Funeral home | Library archives,high,Images,
42035483,isleevy-024.jpg,AI Generated,"Leading mortician dies in Columbia, December 21, 1968",high,Unknown,high,,,,,1968-12-21,high,English,high,"Obituary article reporting the death of Isaac Samuel Leevy, a prominent funeral director and educational worker in Columbia, South Carolina. The article highlights Leevy's contributions to the formation of several business and civic organizations, including the local NAACP branch, and his founding of Booker T. Washington High School and other institutions. It details his involvement in political and community life, his business ventures, and his family survivors.",medium,"Obituaries | Funeral service | Education, Secondary | Business | Politics and government | Business and politics",,Newspaper clipping,medium,"style: journalistic | culture: American | period: 1960s | location: Columbia, South Carolina, United States",,medium: newsprint | technique: letterpress printing | material: ink on paper,,,,newsprint,medium,letterpress printing,medium,ink on paper,high,,,journalistic,low,American,high,1960s,high,"Columbia, South Carolina, United States",high,Isaac Samuel Leevy | Booker T. Washington High School | Waverly School | Carver School | State Industrial School | Richland County Tuberculosis Hospital | John C. Richards School | New Home Development Co. | Leevy Department Stores | Standard Furniture Co. | Victory Savings Bank | Leevy Esso Station | NAACP | Republican Party | Democratic Party | Antioch public schools | Mather Academy | Hampton Institute | S.C. State College | Morris College | Allen University | WOIC | Ruby Johnson | Isaac Leevy | Carroll Leevy | Mamie Breece | Laural Rivers | Lucretia Bravey | Ellen Halley,high,obituary | Isaac Samuel Leevy | funeral director | education | Columbia | South Carolina | NAACP | Booker T. Washington High School | business | politics,medium,Images,
42035493,isleevy-034.jpg,AI Generated,Portrait of Mr. D. S. Levy Sr. and Miss Laura Hunter,high,Unknown,low,,,,,late 19th century,high,English,high,"Studio portrait depicting an African American couple, Mr. D. S. Levy Sr. seated and Miss Laura Hunter standing beside him with her hand resting on his shoulder. The photograph is mounted in a card with handwritten inscriptions identifying the subjects and noting that they are the parents of Isaac Samuel Levy. The left side of the card contains genealogical notes written in ink.",medium,"Photographs | Portraits, Victorian | African Americans | 19th century | Genealogy | African American families | Portrait photography",,Photographic print,low,style: studio portrait | culture: American | period: Victorian era | location: United States,,medium: photographic print on card | technique: studio portrait photography | material: photographic emulsion on paper mounted on card | measurements: Unknown,,,,photographic print on card,medium,studio portrait photography,low,photographic emulsion on paper mounted on card,low,Unknown,high,studio portrait,high,American,high,Victorian era,low,United States,high,Mr. D. S. Levy Sr. | Miss Laura Hunter | Isaac Samuel Levy,high,portrait | African American | family photograph | genealogy | 19th century | parents of Isaac Samuel Levy,high,Images,
